run,group,scenario,tl_future,tl_base,response_tl
1,Prey,SSP1-2.6,2.32705258395062,2.32749518333333,-0.000442599382710185
1,Prey,SSP5-8.5,2.32377466790123,2.32749518333333,-0.00372051543210006
1,Predator,SSP1-2.6,2.99854582253087,2.99754034416667,0.00100547836419773
1,Predator,SSP5-8.5,2.99056206358025,2.99754034416667,-0.00697828058642269
1,Invertebrate,SSP1-2.6,2.28267660987654,2.27770594444444,0.00497066543209979
1,Invertebrate,SSP5-8.5,2.28314291728395,2.27770594444444,0.00543697283951028
1,Mid-trophic species,SSP1-2.6,2.70584939176955,2.70533190166667,0.000517490102881268
1,Mid-trophic species,SSP5-8.5,2.71050467798354,2.70533190166667,0.00517277631687296
2,Prey,SSP1-2.6,2.3241646962963,2.33347561,-0.00931091370369996
2,Prey,SSP5-8.5,2.32439278271605,2.33347561,-0.0090828272839496
2,Predator,SSP1-2.6,2.99372048796296,3.00297842,-0.00925793203703762
2,Predator,SSP5-8.5,2.99433485092593,3.00297842,-0.00864356907407293
2,Invertebrate,SSP1-2.6,2.28440927407408,2.28385489777778,0.000554376296300063
2,Invertebrate,SSP5-8.5,2.28880651810699,2.28385489777778,0.00495162032921614
2,Mid-trophic species,SSP1-2.6,2.70785354855967,2.71102259,-0.00316904144032648
2,Mid-trophic species,SSP5-8.5,2.71075708580247,2.71102259,-0.000265504197528355
3,Prey,SSP1-2.6,2.32796379506173,2.32897034666667,-0.00100655160494023
3,Prey,SSP5-8.5,2.32077992469136,2.32897034666667,-0.00819042197531017
3,Predator,SSP1-2.6,2.99631624814815,3.00396159833333,-0.00764535018518497
3,Predator,SSP5-8.5,2.99731422098766,3.00396159833333,-0.00664737734567744
3,Invertebrate,SSP1-2.6,2.28385344897119,2.28784106333333,-0.00398761436214024
3,Invertebrate,SSP5-8.5,2.2861995382716,2.28784106333333,-0.00164152506173032
3,Mid-trophic species,SSP1-2.6,2.71096839979424,2.70851416555555,0.00245423423868374
3,Mid-trophic species,SSP5-8.5,2.71427757427984,2.70851416555555,0.00576340872428016
4,Prey,SSP1-2.6,2.33098234814815,2.32917078333333,0.00181156481481981
4,Prey,SSP5-8.5,2.32408721728395,2.32917078333333,-0.00508356604938021
4,Predator,SSP1-2.6,2.99913209876543,3.00190343833333,-0.00277133956790054
4,Predator,SSP5-8.5,2.99538811820988,3.00190343833333,-0.00651532012345779
4,Invertebrate,SSP1-2.6,2.28216672716049,2.28085622666667,0.00131050049382697
4,Invertebrate,SSP5-8.5,2.28320500411523,2.28085622666667,0.00234877744856021
4,Mid-trophic species,SSP1-2.6,2.70351114300411,2.70751498888889,-0.00400384588477376
4,Mid-trophic species,SSP5-8.5,2.71030621954732,2.70751498888889,0.00279123065843523
5,Prey,SSP1-2.6,2.32568157777778,2.34277879,-0.0170972122222199
5,Prey,SSP5-8.5,2.32849151851852,2.34277879,-0.0142872714814799
5,Predator,SSP1-2.6,2.99488046327161,3.0033474325,-0.00846696922839252
5,Predator,SSP5-8.5,2.99514407160494,3.0033474325,-0.00820336089505958
5,Invertebrate,SSP1-2.6,2.2822153526749,2.28241390555556,-0.000198552880660063
5,Invertebrate,SSP5-8.5,2.28339379300411,2.28241390555556,0.000979887448556482
5,Mid-trophic species,SSP1-2.6,2.70659963497942,2.70976935222222,-0.00316971724279735
5,Mid-trophic species,SSP5-8.5,2.7127786345679,2.70976935222222,0.00300928234568065
6,Prey,SSP1-2.6,2.32897116049383,2.32869032333333,0.000280837160500091
6,Prey,SSP5-8.5,2.32740610123457,2.32869032333333,-0.00128422209875989
6,Predator,SSP1-2.6,2.99783900925926,3.00559739083333,-0.00775838157407494
6,Predator,SSP5-8.5,2.99763308858025,3.00559739083333,-0.00796430225308509
6,Invertebrate,SSP1-2.6,2.28311031069959,2.28413218111111,-0.00102187041152657
6,Invertebrate,SSP5-8.5,2.28648944855967,2.28413218111111,0.00235726744855702
6,Mid-trophic species,SSP1-2.6,2.70632921995885,2.709195695,-0.00286647504115178
6,Mid-trophic species,SSP5-8.5,2.71492964423868,2.709195695,0.0057339492386852
7,Prey,SSP1-2.6,2.31910845061728,2.33645711333333,-0.0173486627160502
7,Prey,SSP5-8.5,2.32390321604938,2.33645711333333,-0.0125538972839498
7,Predator,SSP1-2.6,2.99191016759259,3.00856701166667,-0.0166568440740744
7,Predator,SSP5-8.5,2.99421658209877,3.00856701166667,-0.014350429567902
7,Invertebrate,SSP1-2.6,2.28411503251029,2.28129732888889,0.00281770362140321
7,Invertebrate,SSP5-8.5,2.28584122921811,2.28129732888889,0.00454390032922003
7,Mid-trophic species,SSP1-2.6,2.70649401707819,2.70629982222222,0.000194194855968277
7,Mid-trophic species,SSP5-8.5,2.71314999382716,2.70629982222222,0.00685017160494006
8,Prey,SSP1-2.6,2.32520509135802,2.33109403333333,-0.00588894197531031
8,Prey,SSP5-8.5,2.31997499753086,2.33109403333333,-0.0111190358024702
8,Predator,SSP1-2.6,2.99796081018518,3.00257853166667,-0.0046177214814831
8,Predator,SSP5-8.5,2.99656404907408,3.00257853166667,-0.00601448259259296
8,Invertebrate,SSP1-2.6,2.28486250946502,2.28166086333333,0.00320164613168661
8,Invertebrate,SSP5-8.5,2.28535424444444,2.28166086333333,0.00369338111110995
8,Mid-trophic species,SSP1-2.6,2.70958913333333,2.70567711111111,0.00391202222222198
8,Mid-trophic species,SSP5-8.5,2.71143372674897,2.70567711111111,0.0057566156378619
9,Prey,SSP1-2.6,2.3313138691358,2.33364341666667,-0.00232954753087
9,Prey,SSP5-8.5,2.32652374444444,2.33364341666667,-0.00711967222222976
9,Predator,SSP1-2.6,3.00285635216049,3.005275205,-0.00241885283950793
9,Predator,SSP5-8.5,2.99474019074074,3.005275205,-0.0105350142592604
9,Invertebrate,SSP1-2.6,2.28742550246914,2.28901248111111,-0.00158697864197332
9,Invertebrate,SSP5-8.5,2.28240092592593,2.28901248111111,-0.00661155518518308
9,Mid-trophic species,SSP1-2.6,2.70961367139918,2.70946674055556,0.000146930843619053
9,Mid-trophic species,SSP5-8.5,2.70748523168724,2.70946674055556,-0.00198150886831616
10,Prey,SSP1-2.6,2.32821308148148,2.33292626,-0.00471317851851971
10,Prey,SSP5-8.5,2.32376227901235,2.33292626,-0.00916398098764981
10,Predator,SSP1-2.6,2.99687824259259,3.00082121416667,-0.00394297157407042
10,Predator,SSP5-8.5,2.99614105679012,3.00082121416667,-0.00468015737654248
10,Invertebrate,SSP1-2.6,2.28168439300412,2.28489822222222,-0.00321382921810676
10,Invertebrate,SSP5-8.5,2.2863319345679,2.28489822222222,0.00143371234567624
10,Mid-trophic species,SSP1-2.6,2.70920159382716,2.70141106444444,0.00779052938271674
10,Mid-trophic species,SSP5-8.5,2.70755886728395,2.70141106444444,0.00614780283950722
11,Prey,SSP1-2.6,2.32422577160494,2.33344172,-0.00921594839506001
11,Prey,SSP5-8.5,2.32829155555556,2.33344172,-0.00515016444444028
11,Predator,SSP1-2.6,2.99700793055556,3.0032027675,-0.00619483694444245
11,Predator,SSP5-8.5,2.99982609475309,3.0032027675,-0.00337667274691222
11,Invertebrate,SSP1-2.6,2.28388342427983,2.28616910666667,-0.00228568238683335
11,Invertebrate,SSP5-8.5,2.28648931563786,2.28616910666667,0.000320208971193114
11,Mid-trophic species,SSP1-2.6,2.71048887345679,2.70928545333333,0.00120342012345853
11,Mid-trophic species,SSP5-8.5,2.70857836152264,2.70928545333333,-0.000707091810697946
12,Prey,SSP1-2.6,2.32528696419753,2.33124006,-0.00595309580246983
12,Prey,SSP5-8.5,2.32591857037037,2.33124006,-0.00532148962962964
12,Predator,SSP1-2.6,2.99428923395062,3.00594320333334,-0.0116539693827176
12,Predator,SSP5-8.5,2.99357722839506,3.00594320333334,-0.0123659749382727
12,Invertebrate,SSP1-2.6,2.28624440041152,2.28103181,0.00521259041152034
12,Invertebrate,SSP5-8.5,2.28552430329218,2.28103181,0.00449249329217638
12,Mid-trophic species,SSP1-2.6,2.70497458559671,2.70492324777778,5.13378189301861e-05
12,Mid-trophic species,SSP5-8.5,2.71054942469136,2.70492324777778,0.00562617691358192
13,Prey,SSP1-2.6,2.32891041728395,2.33652750666667,-0.0076170893827201
13,Prey,SSP5-8.5,2.32476173827161,2.33652750666667,-0.0117657683950601
13,Predator,SSP1-2.6,2.99595189907407,3.002406995,-0.0064550959259253
13,Predator,SSP5-8.5,2.99184758611111,3.002406995,-0.0105594088888874
13,Invertebrate,SSP1-2.6,2.28361935843621,2.27950615777778,0.00411320065843679
13,Invertebrate,SSP5-8.5,2.28341805967078,2.27950615777778,0.0039119018930065
13,Mid-trophic species,SSP1-2.6,2.70544794588477,2.714062165,-0.0086142191152252
13,Mid-trophic species,SSP5-8.5,2.71091085843621,2.714062165,-0.0031513065637836
14,Prey,SSP1-2.6,2.32763399135802,2.33260880666667,-0.00497481530864974
14,Prey,SSP5-8.5,2.32452641234568,2.33260880666667,-0.00808239432099001
14,Predator,SSP1-2.6,2.99413216234568,3.00801530416667,-0.0138831418209873
14,Predator,SSP5-8.5,2.99715254537037,3.00801530416667,-0.0108627587962946
14,Invertebrate,SSP1-2.6,2.28277603209877,2.27935658888889,0.00341944320987642
14,Invertebrate,SSP5-8.5,2.2860537946502,2.27935658888889,0.00669720576131372
14,Mid-trophic species,SSP1-2.6,2.70793500061728,2.70844518277778,-0.000510182160495365
14,Mid-trophic species,SSP5-8.5,2.71368238004115,2.70844518277778,0.00523719726337291
15,Prey,SSP1-2.6,2.32534649259259,2.33169751666667,-0.00635102407408006
15,Prey,SSP5-8.5,2.32381768395062,2.33169751666667,-0.00787983271604986
15,Predator,SSP1-2.6,2.99236789259259,3.00760568916667,-0.0152377965740751
15,Predator,SSP5-8.5,2.99431669290124,3.00760568916667,-0.0132889962654299
15,Invertebrate,SSP1-2.6,2.28468915308642,2.28267813222222,0.00201102086419658
15,Invertebrate,SSP5-8.5,2.28542546666667,2.28267813222222,0.00274733444444308
15,Mid-trophic species,SSP1-2.6,2.70711347901235,2.71469972722222,-0.00758624820987519
15,Mid-trophic species,SSP5-8.5,2.70991524670782,2.71469972722222,-0.00478448051440283
16,Prey,SSP1-2.6,2.32393916049383,2.3324418,-0.00850263950616981
16,Prey,SSP5-8.5,2.32206944320988,2.3324418,-0.0103723567901199
16,Predator,SSP1-2.6,2.99816783179013,3.00382365666667,-0.00565582487654215
16,Predator,SSP5-8.5,2.99453241234568,3.00382365666667,-0.00929124432098716
16,Invertebrate,SSP1-2.6,2.28545003168724,2.28166488444444,0.00378514724279988
16,Invertebrate,SSP5-8.5,2.28424679794239,2.28166488444444,0.00258191349794323
16,Mid-trophic species,SSP1-2.6,2.70887766358025,2.70655531888889,0.00232234469136028
16,Mid-trophic species,SSP5-8.5,2.70876199711934,2.70655531888889,0.00220667823044973
17,Prey,SSP1-2.6,2.32608829259259,2.33267065666667,-0.00658236407408008
17,Prey,SSP5-8.5,2.32293754320988,2.33267065666667,-0.00973311345678995
17,Predator,SSP1-2.6,3.00128520493827,3.00518512,-0.00389991506172738
17,Predator,SSP5-8.5,2.99567507438272,3.00518512,-0.00951004561728253
17,Invertebrate,SSP1-2.6,2.28093837654321,2.28362555,-0.00268717345679015
17,Invertebrate,SSP5-8.5,2.28392508683128,2.28362555,0.000299536831276814
17,Mid-trophic species,SSP1-2.6,2.70972800781893,2.71039927833333,-0.00067127051440341
17,Mid-trophic species,SSP5-8.5,2.71303308127572,2.71039927833333,0.00263380294238669
18,Prey,SSP1-2.6,2.32658737283951,2.33616886666667,-0.00958149382715989
18,Prey,SSP5-8.5,2.32188195555556,2.33616886666667,-0.0142869111111099
18,Predator,SSP1-2.6,2.99860414320988,3.00054184833333,-0.00193770512345504
18,Predator,SSP5-8.5,2.99575524351852,3.00054184833333,-0.00478660481481263
18,Invertebrate,SSP1-2.6,2.28674367489712,2.28152549222222,0.00521818267489627
18,Invertebrate,SSP5-8.5,2.28574667942387,2.28152549222222,0.00422118720164644
18,Mid-trophic species,SSP1-2.6,2.70713736563786,2.71198123555556,-0.00484386991769359
18,Mid-trophic species,SSP5-8.5,2.70751587695474,2.71198123555556,-0.00446535860081987
19,Prey,SSP1-2.6,2.32675546790123,2.33557980333333,-0.00882433543210004
19,Prey,SSP5-8.5,2.32639456666667,2.33557980333333,-0.00918523666666005
19,Predator,SSP1-2.6,2.99783794012346,3.00425234333334,-0.00641440320987519
19,Predator,SSP5-8.5,2.99651583827161,3.00425234333334,-0.00773650506173018
19,Invertebrate,SSP1-2.6,2.28446822016461,2.28709224111111,-0.00262402094650316
19,Invertebrate,SSP5-8.5,2.28356788806584,2.28709224111111,-0.00352435304526999
19,Mid-trophic species,SSP1-2.6,2.71136421851852,2.70946398055556,0.00190023796296401
19,Mid-trophic species,SSP5-8.5,2.71024880473251,2.70946398055556,0.000784824176953691
20,Prey,SSP1-2.6,2.32316737037037,2.33692436333333,-0.0137569929629597
20,Prey,SSP5-8.5,2.32663924567901,2.33692436333333,-0.0102851176543197
20,Predator,SSP1-2.6,2.99488706697531,2.99878224083333,-0.0038951738580244
20,Predator,SSP5-8.5,2.99518560524691,2.99878224083333,-0.00359663558641943
20,Invertebrate,SSP1-2.6,2.28517509835391,2.28302740555556,0.00214769279835014
20,Invertebrate,SSP5-8.5,2.28478482798354,2.28302740555556,0.00175742242798016
20,Mid-trophic species,SSP1-2.6,2.70917582016461,2.709383355,-0.000207534835391154
20,Mid-trophic species,SSP5-8.5,2.71141966563786,2.709383355,0.00203631063785936
21,Prey,SSP1-2.6,2.32428829753086,2.33147572333333,-0.00718742580246978
21,Prey,SSP5-8.5,2.32392088395062,2.33147572333333,-0.00755483938270984
21,Predator,SSP1-2.6,2.99729504876543,3.00722191666667,-0.00992686790123454
21,Predator,SSP5-8.5,2.99769868703704,3.00722191666667,-0.0095232296296297
21,Invertebrate,SSP1-2.6,2.28257791975309,2.28338879222222,-0.000810872469133361
21,Invertebrate,SSP5-8.5,2.28577921481482,2.28338879222222,0.00239042259259703
21,Mid-trophic species,SSP1-2.6,2.70973446872428,2.70789405611111,0.00184041261316992
21,Mid-trophic species,SSP5-8.5,2.70958658806584,2.70789405611111,0.00169253195473296
22,Prey,SSP1-2.6,2.32677164691358,2.32750515333333,-0.000733506419750007
22,Prey,SSP5-8.5,2.32472601111111,2.32750515333333,-0.00277914222222009
22,Predator,SSP1-2.6,2.99483022407407,3.00051228583333,-0.00568206175926012
22,Predator,SSP5-8.5,2.99330751790123,3.00051228583333,-0.00720476793210034
22,Invertebrate,SSP1-2.6,2.28205869135802,2.27786353555556,0.00419515580246621
22,Invertebrate,SSP5-8.5,2.28542018436214,2.27786353555556,0.00755664880658324
22,Mid-trophic species,SSP1-2.6,2.7080270526749,2.70248442166667,0.0055426310082316
22,Mid-trophic species,SSP5-8.5,2.70862500781893,2.70248442166667,0.00614058615226476
23,Prey,SSP1-2.6,2.32972165802469,2.33658341333333,-0.00686175530863986
23,Prey,SSP5-8.5,2.32127200987654,2.33658341333333,-0.0153114034567898
23,Predator,SSP1-2.6,2.99719676759259,3.00325392416667,-0.0060571565740779
23,Predator,SSP5-8.5,2.99768082160494,3.00325392416667,-0.00557310256172761
23,Invertebrate,SSP1-2.6,2.28359189835391,2.28374653222222,-0.000154633868312715
23,Invertebrate,SSP5-8.5,2.27969736913581,2.28374653222222,-0.00404916308641612
23,Mid-trophic species,SSP1-2.6,2.70789894567901,2.70432905777778,0.00356988790123536
23,Mid-trophic species,SSP5-8.5,2.70889304238683,2.70432905777778,0.00456398460905305
24,Prey,SSP1-2.6,2.32446955679012,2.32797258666667,-0.00350302987654993
24,Prey,SSP5-8.5,2.32616178148148,2.32797258666667,-0.00181080518518995
24,Predator,SSP1-2.6,2.99764107222222,2.99559031583333,0.00205075638888985
24,Predator,SSP5-8.5,2.99148119845679,2.99559031583333,-0.00410911737653974
24,Invertebrate,SSP1-2.6,2.28435041975309,2.27901566333333,0.00533475641975301
24,Invertebrate,SSP5-8.5,2.28453576790124,2.27901566333333,0.00552010456790253
24,Mid-trophic species,SSP1-2.6,2.70408846502058,2.70406944111111,1.90239094690625e-05
24,Mid-trophic species,SSP5-8.5,2.71122650946502,2.70406944111111,0.00715706835390861
25,Prey,SSP1-2.6,2.32905449876543,2.33233328,-0.00327878123456982
25,Prey,SSP5-8.5,2.32292452222222,2.33233328,-0.00940875777777972
25,Predator,SSP1-2.6,2.99606820339506,3.00442108833333,-0.00835288493826969
25,Predator,SSP5-8.5,2.99726063919753,3.00442108833333,-0.0071604491357995
25,Invertebrate,SSP1-2.6,2.28552667736625,2.27838816222222,0.00713851514402997
25,Invertebrate,SSP5-8.5,2.28286719670782,2.27838816222222,0.0044790344855965
25,Mid-trophic species,SSP1-2.6,2.70761278539095,2.71160319277778,-0.00399040738683043
25,Mid-trophic species,SSP5-8.5,2.71344448106996,2.71160319277778,0.00184128829218189
26,Prey,SSP1-2.6,2.32588663580247,2.33856710666667,-0.0126804708642001
26,Prey,SSP5-8.5,2.32501108271605,2.33856710666667,-0.0135560239506201
26,Predator,SSP1-2.6,3.00129118425926,3.00463581083333,-0.00334462657407242
26,Predator,SSP5-8.5,2.9955637,3.00463581083333,-0.00907211083333204
26,Invertebrate,SSP1-2.6,2.28100608148148,2.28453388222222,-0.00352780074073999
26,Invertebrate,SSP5-8.5,2.28760520946502,2.28453388222222,0.00307132724279979
26,Mid-trophic species,SSP1-2.6,2.71419699382716,2.70515536055556,0.00904163327160479
26,Mid-trophic species,SSP5-8.5,2.71596029218107,2.70515536055556,0.0108049316255148
27,Prey,SSP1-2.6,2.32538754691358,2.33440732,-0.0090197730864201
27,Prey,SSP5-8.5,2.32593140246914,2.33440732,-0.00847591753085997
27,Predator,SSP1-2.6,2.99794071820988,3.00493508166667,-0.00699436345679283
27,Predator,SSP5-8.5,2.99775236018519,3.00493508166667,-0.00718272148148014
27,Invertebrate,SSP1-2.6,2.28378419958848,2.27705634444445,0.0067278551440304
27,Invertebrate,SSP5-8.5,2.28418999053498,2.27705634444445,0.00713364609053047
27,Mid-trophic species,SSP1-2.6,2.70799221131687,2.70573535888889,0.00225685242798157
27,Mid-trophic species,SSP5-8.5,2.71128961666667,2.70573535888889,0.00555425777777785
28,Prey,SSP1-2.6,2.3279124617284,2.33756622,-0.00965375827159987
28,Prey,SSP5-8.5,2.32864087407407,2.33756622,-0.00892534592592975
28,Predator,SSP1-2.6,2.99531027530864,3.00052785416667,-0.00521757885802776
28,Predator,SSP5-8.5,2.99356849722222,3.00052785416667,-0.00695935694444483
28,Invertebrate,SSP1-2.6,2.28407815349794,2.28140927888889,0.00266887460905307
28,Invertebrate,SSP5-8.5,2.28560040041152,2.28140927888889,0.00419112152263335
28,Mid-trophic species,SSP1-2.6,2.70803876111111,2.70608538555556,0.0019533755555563
28,Mid-trophic species,SSP5-8.5,2.71266401563786,2.70608538555556,0.00657863008230608
29,Prey,SSP1-2.6,2.32456396049383,2.33265377,-0.00808980950616967
29,Prey,SSP5-8.5,2.32663622839506,2.33265377,-0.00601754160493995
29,Predator,SSP1-2.6,2.99865259506173,3.00249359666667,-0.00384100160493706
29,Predator,SSP5-8.5,2.99862595555556,3.00249359666667,-0.0038676411111096
29,Invertebrate,SSP1-2.6,2.2846235345679,2.28484765,-0.000224115432099659
29,Invertebrate,SSP5-8.5,2.28692410740741,2.28484765,0.00207645740740681
29,Mid-trophic species,SSP1-2.6,2.70664688024692,2.71031689111111,-0.00367001086419538
29,Mid-trophic species,SSP5-8.5,2.71062037098765,2.71031689111111,0.000303479876542667
30,Prey,SSP1-2.6,2.32814953703704,2.3274071,0.000742437037040133
30,Prey,SSP5-8.5,2.32868693703704,2.3274071,0.00127983703704038
30,Predator,SSP1-2.6,2.99978129290124,3.0092101875,-0.0094288945987655
30,Predator,SSP5-8.5,2.99760166728395,3.0092101875,-0.0116085202160483
30,Invertebrate,SSP1-2.6,2.28547407119341,2.29023682666667,-0.00476275547325322
30,Invertebrate,SSP5-8.5,2.28462679423868,2.29023682666667,-0.0056100324279833
30,Mid-trophic species,SSP1-2.6,2.71077642139918,2.70746130666667,0.00331511473251034
30,Mid-trophic species,SSP5-8.5,2.71036491975309,2.70746130666667,0.0029036130864184
31,Prey,SSP1-2.6,2.32266263580247,2.33141169666667,-0.0087490608641998
31,Prey,SSP5-8.5,2.32753415679012,2.33141169666667,-0.00387753987654982
31,Predator,SSP1-2.6,2.99609403734568,3.00275972666667,-0.00666568932098999
31,Predator,SSP5-8.5,2.99308034567901,3.00275972666667,-0.00967938098765275
31,Invertebrate,SSP1-2.6,2.28299328518518,2.28326039444444,-0.000267109259259879
31,Invertebrate,SSP5-8.5,2.28421421152263,2.28326039444444,0.000953817078189978
31,Mid-trophic species,SSP1-2.6,2.70682881316872,2.70560991944444,0.00121889372427964
31,Mid-trophic species,SSP5-8.5,2.71076605308642,2.70560991944444,0.00515613364197787
32,Prey,SSP1-2.6,2.32518804320988,2.33406928666667,-0.00888124345678998
32,Prey,SSP5-8.5,2.32523036666667,2.33406928666667,-0.00883892000000008
32,Predator,SSP1-2.6,2.9981183308642,3.0036741825,-0.00555585163579986
32,Predator,SSP5-8.5,2.99904810308642,3.0036741825,-0.00462607941357751
32,Invertebrate,SSP1-2.6,2.28474789382716,2.28284345444445,0.00190443938271301
32,Invertebrate,SSP5-8.5,2.28405498148148,2.28284345444445,0.0012115270370332
32,Mid-trophic species,SSP1-2.6,2.70803788251029,2.70700145277778,0.00103642973251317
32,Mid-trophic species,SSP5-8.5,2.70642310864198,2.70700145277778,-0.000578344135799824
33,Prey,SSP1-2.6,2.32534569506173,2.34032545333333,-0.0149797582716
33,Prey,SSP5-8.5,2.32741122098765,2.34032545333333,-0.0129142323456799
33,Predator,SSP1-2.6,2.99442396697531,3.0054980125,-0.0110740455246927
33,Predator,SSP5-8.5,2.9909649867284,3.0054980125,-0.014533025771605
33,Invertebrate,SSP1-2.6,2.2826859744856,2.28305763333333,-0.000371658847736267
33,Invertebrate,SSP5-8.5,2.28360792427984,2.28305763333333,0.000550290946503385
33,Mid-trophic species,SSP1-2.6,2.71013839053498,2.70828547166667,0.00185291886831385
33,Mid-trophic species,SSP5-8.5,2.7101884691358,2.70828547166667,0.00190299746913647
34,Prey,SSP1-2.6,2.32637149382716,2.34021191333333,-0.0138404195061699
34,Prey,SSP5-8.5,2.32592406419753,2.34021191333333,-0.0142878491357998
34,Predator,SSP1-2.6,2.99690513703704,3.00888681166667,-0.0119816746296322
34,Predator,SSP5-8.5,2.99361418549383,3.00888681166667,-0.0152726261728393
34,Invertebrate,SSP1-2.6,2.28484149958848,2.27982787888889,0.00501362069958677
34,Invertebrate,SSP5-8.5,2.28405221234568,2.27982787888889,0.00422433345678996
34,Mid-trophic species,SSP1-2.6,2.70802800761317,2.71115879166667,-0.00313078405349732
34,Mid-trophic species,SSP5-8.5,2.7104264218107,2.71115879166667,-0.000732369855966919
35,Prey,SSP1-2.6,2.32296234320988,2.34254041666667,-0.0195780734567901
35,Prey,SSP5-8.5,2.32091565061728,2.34254041666667,-0.0216247660493902
35,Predator,SSP1-2.6,3.00009331203704,3.00643026833333,-0.00633695629629694
35,Predator,SSP5-8.5,2.99227109259259,3.00643026833333,-0.0141591757407422
35,Invertebrate,SSP1-2.6,2.2843307037037,2.28377781222222,0.000552891481480522
35,Invertebrate,SSP5-8.5,2.28649145720165,2.28377781222222,0.00271364497942361
35,Mid-trophic species,SSP1-2.6,2.70732016872428,2.71100286222222,-0.00368269349793993
35,Mid-trophic species,SSP5-8.5,2.70972054279836,2.71100286222222,-0.0012823194238667
36,Prey,SSP1-2.6,2.32578004938272,2.33299236666667,-0.00721231728394978
36,Prey,SSP5-8.5,2.32341237530864,2.33299236666667,-0.00957999135802989
36,Predator,SSP1-2.6,2.99499262037037,3.00436901833333,-0.00937639796296263
36,Predator,SSP5-8.5,2.99281989012346,3.00436901833333,-0.0115491282098779
36,Invertebrate,SSP1-2.6,2.28324960288066,2.28071785666667,0.00253174621399355
36,Invertebrate,SSP5-8.5,2.28737909506173,2.28071785666667,0.00666123839505994
36,Mid-trophic species,SSP1-2.6,2.71026888744856,2.70726119833333,0.00300768911522775
36,Mid-trophic species,SSP5-8.5,2.70859635,2.70726119833333,0.00133515166666642
37,Prey,SSP1-2.6,2.31891530123457,2.33409331333333,-0.0151780120987604
37,Prey,SSP5-8.5,2.32445497283951,2.33409331333333,-0.00963834049382006
37,Predator,SSP1-2.6,2.99186696141975,3.004261325,-0.0123943635802473
37,Predator,SSP5-8.5,2.99684988302469,3.004261325,-0.00741144197530774
37,Invertebrate,SSP1-2.6,2.28095805761317,2.28069505111111,0.000263006502059682
37,Invertebrate,SSP5-8.5,2.28338518765432,2.28069505111111,0.00269013654320993
37,Mid-trophic species,SSP1-2.6,2.70904434753087,2.70914208944444,-9.77419135765878e-05
37,Mid-trophic species,SSP5-8.5,2.71217825884774,2.70914208944444,0.00303616940329388
38,Prey,SSP1-2.6,2.32505790740741,2.34117781666667,-0.0161199092592601
38,Prey,SSP5-8.5,2.32428450617284,2.34117781666667,-0.0168933104938298
38,Predator,SSP1-2.6,2.99512411481482,3.00483851083333,-0.00971439601851731
38,Predator,SSP5-8.5,2.99457471759259,3.00483851083333,-0.0102637932407399
38,Invertebrate,SSP1-2.6,2.2823856127572,2.28737329555556,-0.00498768279835371
38,Invertebrate,SSP5-8.5,2.28069693045267,2.28737329555556,-0.00667636510288316
38,Mid-trophic species,SSP1-2.6,2.70480515493827,2.70502183,-0.000216675061726512
38,Mid-trophic species,SSP5-8.5,2.71077509465021,2.70502183,0.00575326465020698
39,Prey,SSP1-2.6,2.32209402592593,2.33612385,-0.0140298240740697
39,Prey,SSP5-8.5,2.32112822469136,2.33612385,-0.0149956253086398
39,Predator,SSP1-2.6,2.99814436604938,3.01024140416667,-0.0120970381172856
39,Predator,SSP5-8.5,2.99443446296296,3.01024140416667,-0.0158069412037056
39,Invertebrate,SSP1-2.6,2.28501451028807,2.28059130444444,0.00442320584362355
39,Invertebrate,SSP5-8.5,2.28377657901235,2.28059130444444,0.00318527456790374
39,Mid-trophic species,SSP1-2.6,2.70781176255144,2.71092878611111,-0.00311702355966981
39,Mid-trophic species,SSP5-8.5,2.71464485349794,2.71092878611111,0.00371606738683283
40,Prey,SSP1-2.6,2.32582570246914,2.32730762666667,-0.00148192419752968
40,Prey,SSP5-8.5,2.32027737777778,2.32730762666667,-0.00703024888888981
40,Predator,SSP1-2.6,2.99431973549383,3.00760287416667,-0.0132831386728349
40,Predator,SSP5-8.5,2.99491696697531,3.00760287416667,-0.0126859071913552
40,Invertebrate,SSP1-2.6,2.28567068024691,2.28057508,0.0050956002469098
40,Invertebrate,SSP5-8.5,2.28815090452675,2.28057508,0.00757582452674344
40,Mid-trophic species,SSP1-2.6,2.70361312160494,2.70680526555556,-0.00319214395061662
40,Mid-trophic species,SSP5-8.5,2.70850146563786,2.70680526555556,0.00169620008230265
41,Prey,SSP1-2.6,2.32829183333333,2.33376345333333,-0.00547161999999979
41,Prey,SSP5-8.5,2.32209556790123,2.33376345333333,-0.0116678854320997
41,Predator,SSP1-2.6,3.00114870555556,3.00032659833334,0.000822107222222535
41,Predator,SSP5-8.5,2.9925987771605,3.00032659833334,-0.00772782117283999
41,Invertebrate,SSP1-2.6,2.28292649218107,2.2814603,0.00146619218107036
41,Invertebrate,SSP5-8.5,2.28476735144033,2.2814603,0.00330705144033061
41,Mid-trophic species,SSP1-2.6,2.70844535452675,2.71576672888889,-0.00732137436213698
41,Mid-trophic species,SSP5-8.5,2.7087551191358,2.71576672888889,-0.00701160975308524
42,Prey,SSP1-2.6,2.32300889753086,2.33719371666667,-0.01418481913581
42,Prey,SSP5-8.5,2.32651553333333,2.33719371666667,-0.01067818333334
42,Predator,SSP1-2.6,2.99611040864198,2.99776541416667,-0.00165500552469489
42,Predator,SSP5-8.5,2.99710540833333,2.99776541416667,-0.000660005833335475
42,Invertebrate,SSP1-2.6,2.27896210946502,2.29120036,-0.0122382505349763
42,Invertebrate,SSP5-8.5,2.28458155226338,2.29120036,-0.00661880773662338
42,Mid-trophic species,SSP1-2.6,2.70711311337449,2.71295065166667,-0.00583753829217981
42,Mid-trophic species,SSP5-8.5,2.71036105432099,2.71295065166667,-0.00258959734567865
43,Prey,SSP1-2.6,2.32327304567901,2.33726543666667,-0.01399239098766
43,Prey,SSP5-8.5,2.32348843827161,2.33726543666667,-0.01377699839506
43,Predator,SSP1-2.6,2.99639026728395,3.00379699333333,-0.00740672604938508
43,Predator,SSP5-8.5,2.99713022407408,3.00379699333333,-0.00666676925925724
43,Invertebrate,SSP1-2.6,2.2844479781893,2.28100477666667,0.00344320152263355
43,Invertebrate,SSP5-8.5,2.28328924279835,2.28100477666667,0.00228446613168698
43,Mid-trophic species,SSP1-2.6,2.70362718539095,2.70955911833333,-0.00593193294238281
43,Mid-trophic species,SSP5-8.5,2.70907955185185,2.70955911833333,-0.000479566481480731
44,Prey,SSP1-2.6,2.32495875555556,2.33669804333333,-0.01173928777777
44,Prey,SSP5-8.5,2.32851143827161,2.33669804333333,-0.00818660506172009
44,Predator,SSP1-2.6,2.99913206296297,3.00256252583333,-0.00343046287036763
44,Predator,SSP5-8.5,2.99617188641976,3.00256252583333,-0.00639063941357776
44,Invertebrate,SSP1-2.6,2.28037215349794,2.27990870333333,0.000463450164609913
44,Invertebrate,SSP5-8.5,2.28595131193415,2.27990870333333,0.00604260860082029
44,Mid-trophic species,SSP1-2.6,2.70751359300412,2.71029398111111,-0.00278038810699499
44,Mid-trophic species,SSP5-8.5,2.7127997335391,2.71029398111111,0.00250575242798323
45,Prey,SSP1-2.6,2.32640336790123,2.33945139333333,-0.0130480254320999
45,Prey,SSP5-8.5,2.3239869,2.33945139333333,-0.0154644933333299
45,Predator,SSP1-2.6,2.99866783395062,3.00590701416667,-0.0072391802160503
45,Predator,SSP5-8.5,2.99694384382716,3.00590701416667,-0.00896317033951011
45,Invertebrate,SSP1-2.6,2.282191118107,2.28670585777778,-0.00451473967078009
45,Invertebrate,SSP5-8.5,2.28713839382716,2.28670585777778,0.000432536049386645
45,Mid-trophic species,SSP1-2.6,2.70780228209877,2.71061829777778,-0.00281601567901335
45,Mid-trophic species,SSP5-8.5,2.71152777654321,2.71061829777778,0.000909478765432237
46,Prey,SSP1-2.6,2.32603941851852,2.33413829666667,-0.00809887814815014
46,Prey,SSP5-8.5,2.32562530617284,2.33413829666667,-0.00851299049383014
46,Predator,SSP1-2.6,2.99337550617284,3.00606446583334,-0.0126889596604949
46,Predator,SSP5-8.5,2.99419216018518,3.00606446583334,-0.0118723056481524
46,Invertebrate,SSP1-2.6,2.28267039218107,2.28626754333333,-0.00359715115226678
46,Invertebrate,SSP5-8.5,2.28290491975309,2.28626754333333,-0.00336262358024664
46,Mid-trophic species,SSP1-2.6,2.7044234462963,2.71546621777778,-0.0110427714814838
46,Mid-trophic species,SSP5-8.5,2.70870948477366,2.71546621777778,-0.00675673300411539
47,Prey,SSP1-2.6,2.32628701111111,2.33380745666667,-0.00752044555555997
47,Prey,SSP5-8.5,2.32870818888889,2.33380745666667,-0.00509926777777991
47,Predator,SSP1-2.6,2.9981196941358,3.000001615,-0.00188192086419781
47,Predator,SSP5-8.5,2.99528526512345,3.000001615,-0.00471634987654568
47,Invertebrate,SSP1-2.6,2.28484978971193,2.27527509222222,0.00957469748971373
47,Invertebrate,SSP5-8.5,2.28129744650206,2.27527509222222,0.00602235427984033
47,Mid-trophic species,SSP1-2.6,2.70685907160494,2.71368984555556,-0.00683077395061638
47,Mid-trophic species,SSP5-8.5,2.71001481954733,2.71368984555556,-0.00367502600822967
48,Prey,SSP1-2.6,2.32133105432099,2.34154040333333,-0.0202093490123398
48,Prey,SSP5-8.5,2.32305858395062,2.34154040333333,-0.0184818193827101
48,Predator,SSP1-2.6,3.00039573981482,3.00710699,-0.00671125018518515
48,Predator,SSP5-8.5,2.99493233981482,3.00710699,-0.0121746501851825
48,Invertebrate,SSP1-2.6,2.28727536378601,2.28143315,0.00584221378601013
48,Invertebrate,SSP5-8.5,2.28315369135802,2.28143315,0.00172054135802346
48,Mid-trophic species,SSP1-2.6,2.71061875946502,2.71480272444444,-0.00418396497941975
48,Mid-trophic species,SSP5-8.5,2.71359847880658,2.71480272444444,-0.00120424563785937
49,Prey,SSP1-2.6,2.3275793037037,2.33768685,-0.0101075462962998
49,Prey,SSP5-8.5,2.32837424567901,2.33768685,-0.00931260432098968
49,Predator,SSP1-2.6,2.99855145185185,3.000824405,-0.00227295314814757
49,Predator,SSP5-8.5,2.99682137777778,3.000824405,-0.00400302722222001
49,Invertebrate,SSP1-2.6,2.2865190872428,2.27929999222222,0.00721909502057638
49,Invertebrate,SSP5-8.5,2.28369720699588,2.27929999222222,0.00439721477365973
49,Mid-trophic species,SSP1-2.6,2.70916406707819,2.71031488722222,-0.001150820144034
49,Mid-trophic species,SSP5-8.5,2.7110736973251,2.71031488722222,0.00075881010288148
50,Prey,SSP1-2.6,2.32624507777778,2.33614895,-0.00990387222222022
50,Prey,SSP5-8.5,2.32257095308642,2.33614895,-0.0135779969135803
50,Predator,SSP1-2.6,2.9964867117284,3.0066589175,-0.0101722057716027
50,Predator,SSP5-8.5,2.99574515154321,3.0066589175,-0.0109137659567873
50,Invertebrate,SSP1-2.6,2.28494834732511,2.28759181888889,-0.00264347156377998
50,Invertebrate,SSP5-8.5,2.28751841934156,2.28759181888889,-7.33995473236604e-05
50,Mid-trophic species,SSP1-2.6,2.71072034032922,2.71191302111111,-0.00119268078189094
50,Mid-trophic species,SSP5-8.5,2.71122759506173,2.71191302111111,-0.000685426049379601
51,Prey,SSP1-2.6,2.32465534320988,2.33873566,-0.0140803167901202
51,Prey,SSP5-8.5,2.32874803827161,2.33873566,-0.00998762172839029
51,Predator,SSP1-2.6,2.99309242962963,3.013263785,-0.0201713553703695
51,Predator,SSP5-8.5,2.99697864598766,3.013263785,-0.0162851390123446
51,Invertebrate,SSP1-2.6,2.28413059753087,2.28533448111111,-0.00120388358024348
51,Invertebrate,SSP5-8.5,2.28339036872428,2.28533448111111,-0.00194411238683001
51,Mid-trophic species,SSP1-2.6,2.70567601296297,2.71753384888889,-0.0118578359259249
51,Mid-trophic species,SSP5-8.5,2.71058973333333,2.71753384888889,-0.00694411555555607
52,Prey,SSP1-2.6,2.32940953333333,2.33294828,-0.00353874666667009
52,Prey,SSP5-8.5,2.32506301234568,2.33294828,-0.00788526765431996
52,Predator,SSP1-2.6,2.99741306450617,3.00340633833333,-0.00599327382715975
52,Predator,SSP5-8.5,2.99302182746914,3.00340633833333,-0.0103845108641973
52,Invertebrate,SSP1-2.6,2.28585886090535,2.28785687777778,-0.00199801687243406
52,Invertebrate,SSP5-8.5,2.28262575185185,2.28785687777778,-0.00523112592593034
52,Mid-trophic species,SSP1-2.6,2.70490430699589,2.71173220944445,-0.0068279024485598
52,Mid-trophic species,SSP5-8.5,2.70933427304527,2.71173220944445,-0.00239793639918018
53,Prey,SSP1-2.6,2.33379942469136,2.33163245333333,0.0021669713580299
53,Prey,SSP5-8.5,2.32677354197531,2.33163245333333,-0.00485891135801975
53,Predator,SSP1-2.6,2.99570160555556,2.99837571083334,-0.00267410527777745
53,Predator,SSP5-8.5,2.99812975925926,2.99837571083334,-0.000245951574077807
53,Invertebrate,SSP1-2.6,2.28219913127572,2.27999816666667,0.00220096460905683
53,Invertebrate,SSP5-8.5,2.28436182304527,2.27999816666667,0.00436365637860003
53,Mid-trophic species,SSP1-2.6,2.71090768168724,2.70617554944445,0.00473213224279823
53,Mid-trophic species,SSP5-8.5,2.71098524279835,2.70617554944445,0.00480969335390924
54,Prey,SSP1-2.6,2.32379599259259,2.33616451,-0.0123685174074102
54,Prey,SSP5-8.5,2.32271888641975,2.33616451,-0.01344562358025
54,Predator,SSP1-2.6,2.99396342253087,3.00415135166667,-0.0101879291358
54,Predator,SSP5-8.5,2.99273192098766,3.00415135166667,-0.0114194306790094
54,Invertebrate,SSP1-2.6,2.28338303580247,2.27990200333333,0.003481032469137
54,Invertebrate,SSP5-8.5,2.28476337366255,2.27990200333333,0.00486137032921663
54,Mid-trophic species,SSP1-2.6,2.70603479897119,2.70955989722223,-0.00352509825103198
54,Mid-trophic species,SSP5-8.5,2.70546584238683,2.70955989722223,-0.00409405483539427
55,Prey,SSP1-2.6,2.32600761481482,2.33410170333333,-0.00809408851850968
55,Prey,SSP5-8.5,2.3239922654321,2.33410170333333,-0.0101094379012299
55,Predator,SSP1-2.6,2.99580822253086,3.00229339833333,-0.00648517580247043
55,Predator,SSP5-8.5,2.99354309845679,3.00229339833333,-0.00875029987654541
55,Invertebrate,SSP1-2.6,2.28261414773663,2.27967568666667,0.00293846106995987
55,Invertebrate,SSP5-8.5,2.28191629506173,2.27967568666667,0.00224060839506013
55,Mid-trophic species,SSP1-2.6,2.70745607057613,2.71548621833333,-0.00803014775720001
55,Mid-trophic species,SSP5-8.5,2.71094873497943,2.71548621833333,-0.00453748335390847
56,Prey,SSP1-2.6,2.32448961975309,2.33232894333333,-0.00783932358024009
56,Prey,SSP5-8.5,2.3264841654321,2.33232894333333,-0.00584477790123028
56,Predator,SSP1-2.6,2.99918635246914,3.00460789416667,-0.00542154169753006
56,Predator,SSP5-8.5,2.99374127129629,3.00460789416667,-0.0108666228703704
56,Invertebrate,SSP1-2.6,2.28519422798354,2.28506441777778,0.00012981020575964
56,Invertebrate,SSP5-8.5,2.28467935514403,2.28506441777778,-0.000385062633746713
56,Mid-trophic species,SSP1-2.6,2.70761734547325,2.70782580166667,-0.000208456193415696
56,Mid-trophic species,SSP5-8.5,2.70610051584362,2.70782580166667,-0.00172528582304565
57,Prey,SSP1-2.6,2.32774956666667,2.33372464333333,-0.00597507666665997
57,Prey,SSP5-8.5,2.32577234444444,2.33372464333333,-0.00795229888889004
57,Predator,SSP1-2.6,2.99410702098766,3.0068436475,-0.012736626512345
57,Predator,SSP5-8.5,2.99405354783951,3.0068436475,-0.0127900996604948
57,Invertebrate,SSP1-2.6,2.28426147572016,2.28275639333334,0.00150508238682656
57,Invertebrate,SSP5-8.5,2.28103898683128,2.28275639333334,-0.00171740650205976
57,Mid-trophic species,SSP1-2.6,2.7026817399177,2.70522838111111,-0.00254664119341363
57,Mid-trophic species,SSP5-8.5,2.71081526378601,2.70522838111111,0.00558688267489815
58,Prey,SSP1-2.6,2.32363367283951,2.33607728,-0.0124436071604901
58,Prey,SSP5-8.5,2.32497093580247,2.33607728,-0.0111063441975299
58,Predator,SSP1-2.6,2.99252976944444,3.00336226166667,-0.0108324922222227
58,Predator,SSP5-8.5,2.99267430987655,3.00336226166667,-0.0106879517901199
58,Invertebrate,SSP1-2.6,2.28207404938271,2.28126149,0.000812559382716405
58,Invertebrate,SSP5-8.5,2.28461679300411,2.28126149,0.00335530300411646
58,Mid-trophic species,SSP1-2.6,2.70572801008231,2.71348177222222,-0.00775376213991841
58,Mid-trophic species,SSP5-8.5,2.71502831872428,2.71348177222222,0.00154654650205632
59,Prey,SSP1-2.6,2.3255954308642,2.33638058,-0.0107851491358
59,Prey,SSP5-8.5,2.32557021234568,2.33638058,-0.0108103676543201
59,Predator,SSP1-2.6,2.99675979382716,3.00397674416667,-0.00721695033950809
59,Predator,SSP5-8.5,2.99707810524691,3.00397674416667,-0.00689863891975495
59,Invertebrate,SSP1-2.6,2.28395837736626,2.27817401333333,0.0057843640329236
59,Invertebrate,SSP5-8.5,2.28520862674897,2.27817401333333,0.00703461341563694
59,Mid-trophic species,SSP1-2.6,2.71073608230453,2.70690493388889,0.00383114841563836
59,Mid-trophic species,SSP5-8.5,2.7112500627572,2.70690493388889,0.00434512886831184
60,Prey,SSP1-2.6,2.32783813580247,2.33399975666667,-0.00616162086420014
60,Prey,SSP5-8.5,2.32350504814815,2.33399975666667,-0.0104947085185203
60,Predator,SSP1-2.6,2.99756572839506,3.00815166666667,-0.0105859382716047
60,Predator,SSP5-8.5,2.99497290246914,3.00815166666667,-0.0131787641975301
60,Invertebrate,SSP1-2.6,2.28442971522633,2.28280638,0.00162333522632974
60,Invertebrate,SSP5-8.5,2.28574759506173,2.28280638,0.00294121506172651
60,Mid-trophic species,SSP1-2.6,2.71104558209877,2.70884124944444,0.00220433265432307
60,Mid-trophic species,SSP5-8.5,2.70949940514403,2.70884124944444,0.000658155699590157
61,Prey,SSP1-2.6,2.32434912592593,2.33406985,-0.00972072407407021
61,Prey,SSP5-8.5,2.32048687037037,2.33406985,-0.0135829796296303
61,Predator,SSP1-2.6,2.99966352006173,3.008012565,-0.00834904493826993
61,Predator,SSP5-8.5,2.9955921537037,3.008012565,-0.0124204112962976
61,Invertebrate,SSP1-2.6,2.2830226164609,2.28635147777778,-0.0033288613168736
61,Invertebrate,SSP5-8.5,2.28328466831276,2.28635147777778,-0.00306680946501681
61,Mid-trophic species,SSP1-2.6,2.70641609547325,2.70867179277778,-0.00225569730452824
61,Mid-trophic species,SSP5-8.5,2.7082888244856,2.70867179277778,-0.000382968292182095
62,Prey,SSP1-2.6,2.326416,2.33421328666667,-0.00779728666667001
62,Prey,SSP5-8.5,2.32599231604938,2.33421328666667,-0.00822097061729021
62,Predator,SSP1-2.6,2.99389196111111,3.00265881666667,-0.00876685555555268
62,Predator,SSP5-8.5,2.99436608888889,3.00265881666667,-0.00829272777777446
62,Invertebrate,SSP1-2.6,2.28285227901234,2.27764653555555,0.00520574345679048
62,Invertebrate,SSP5-8.5,2.28523157242798,2.27764653555555,0.00758503687243017
62,Mid-trophic species,SSP1-2.6,2.70345381790124,2.70193967555556,0.00151414234568126
62,Mid-trophic species,SSP5-8.5,2.71137289382716,2.70193967555556,0.00943321827160482
63,Prey,SSP1-2.6,2.32889454444444,2.33788505333333,-0.00899050888888997
63,Prey,SSP5-8.5,2.32846083333333,2.33788505333333,-0.00942422000000009
63,Predator,SSP1-2.6,2.99632667932099,3.00169896666667,-0.00537228734567741
63,Predator,SSP5-8.5,2.99617718302469,3.00169896666667,-0.00552178364197475
63,Invertebrate,SSP1-2.6,2.28448533950617,2.28532382888889,-0.000838489382713803
63,Invertebrate,SSP5-8.5,2.28758175802469,2.28532382888889,0.00225792913580669
63,Mid-trophic species,SSP1-2.6,2.71115047037037,2.70901552777778,0.00213494259259317
63,Mid-trophic species,SSP5-8.5,2.70917315843621,2.70901552777778,0.000157630658434993
64,Prey,SSP1-2.6,2.32842617037037,2.33718292333333,-0.00875675296295997
64,Prey,SSP5-8.5,2.32244192222222,2.33718292333333,-0.0147410011111102
64,Predator,SSP1-2.6,2.99488558487654,3.00715841,-0.0122728251234543
64,Predator,SSP5-8.5,2.99753394598766,3.00715841,-0.00962446401234196
64,Invertebrate,SSP1-2.6,2.28820284567902,2.28417800888889,0.00402483679012677
64,Invertebrate,SSP5-8.5,2.28443849094651,2.28417800888889,0.000260482057616418
64,Mid-trophic species,SSP1-2.6,2.7072172537037,2.70424558166667,0.00297167203703497
64,Mid-trophic species,SSP5-8.5,2.71234764135803,2.70424558166667,0.00810205969135858
65,Prey,SSP1-2.6,2.3222350037037,2.33974743666667,-0.0175124329629699
65,Prey,SSP5-8.5,2.32603675061728,2.33974743666667,-0.0137106860493899
65,Predator,SSP1-2.6,2.99573133395062,3.0056687975,-0.00993746354938452
65,Predator,SSP5-8.5,2.99605413487654,3.0056687975,-0.00961466262345922
65,Invertebrate,SSP1-2.6,2.28794035843621,2.28053174666667,0.00740861176954688
65,Invertebrate,SSP5-8.5,2.28508851563786,2.28053174666667,0.00455676897119695
65,Mid-trophic species,SSP1-2.6,2.7031655563786,2.70674329388889,-0.00357773751028834
65,Mid-trophic species,SSP5-8.5,2.71497618497943,2.70674329388889,0.00823289109053338
66,Prey,SSP1-2.6,2.32760023827161,2.33766273666667,-0.0100624983950599
66,Prey,SSP5-8.5,2.32259575185185,2.33766273666667,-0.0150669848148199
66,Predator,SSP1-2.6,2.99548443703704,3.00228053916667,-0.00679610212962967
66,Predator,SSP5-8.5,2.99503047376543,3.00228053916667,-0.00725006540123507
66,Invertebrate,SSP1-2.6,2.28272526625515,2.28479692555555,-0.00207165930040709
66,Invertebrate,SSP5-8.5,2.286226381893,2.28479692555555,0.00142945633744995
66,Mid-trophic species,SSP1-2.6,2.70746146748971,2.71259631333333,-0.00513484584362223
66,Mid-trophic species,SSP5-8.5,2.71155491522634,2.71259631333333,-0.00104139810699655
67,Prey,SSP1-2.6,2.32380323950617,2.33185266333333,-0.00804942382716023
67,Prey,SSP5-8.5,2.32949589753086,2.33185266333333,-0.00235676580247013
67,Predator,SSP1-2.6,2.99658397098766,3.00993113333333,-0.0133471623456778
67,Predator,SSP5-8.5,2.99344300833333,3.00993113333333,-0.0164881250000004
67,Invertebrate,SSP1-2.6,2.28539179465021,2.28837168555556,-0.00297989090534934
67,Invertebrate,SSP5-8.5,2.28409635226338,2.28837168555556,-0.00427533329217988
67,Mid-trophic species,SSP1-2.6,2.70745084588477,2.71084265444445,-0.00339180855967358
67,Mid-trophic species,SSP5-8.5,2.71098023333333,2.71084265444445,0.000137578888887102
68,Prey,SSP1-2.6,2.33048102345679,2.33311248333333,-0.00263145987654001
68,Prey,SSP5-8.5,2.32571336666667,2.33311248333333,-0.00739911666666027
68,Predator,SSP1-2.6,2.99938142901235,3.00786129916667,-0.00847987015432006
68,Predator,SSP5-8.5,2.99452506080247,3.00786129916667,-0.013336238364198
68,Invertebrate,SSP1-2.6,2.28314301481481,2.28662343333333,-0.00348041851852043
68,Invertebrate,SSP5-8.5,2.2848403909465,2.28662343333333,-0.00178304238683058
68,Mid-trophic species,SSP1-2.6,2.70755664609054,2.71546633611111,-0.00790969002057373
68,Mid-trophic species,SSP5-8.5,2.71280158106996,2.71546633611111,-0.00266475504115338
69,Prey,SSP1-2.6,2.33072809259259,2.33271733333333,-0.00198924074073981
69,Prey,SSP5-8.5,2.32630497530864,2.33271733333333,-0.00641235802468998
69,Predator,SSP1-2.6,2.99770934351852,3.0044505125,-0.00674116898148247
69,Predator,SSP5-8.5,2.99624928271605,3.0044505125,-0.00820122978394755
69,Invertebrate,SSP1-2.6,2.28441531193416,2.27679897666667,0.00761633526748939
69,Invertebrate,SSP5-8.5,2.2852198617284,2.27679897666667,0.00842088506172978
69,Mid-trophic species,SSP1-2.6,2.70853418786008,2.70932334722222,-0.000789159362140079
69,Mid-trophic species,SSP5-8.5,2.70956787304527,2.70932334722222,0.000244525823046793
70,Prey,SSP1-2.6,2.32519127283951,2.34004607,-0.0148547971604902
70,Prey,SSP5-8.5,2.32659687901235,2.34004607,-0.0134491909876502
70,Predator,SSP1-2.6,2.99679070061729,3.0100451825,-0.0132544818827149
70,Predator,SSP5-8.5,2.99571329444445,3.0100451825,-0.0143318880555547
70,Invertebrate,SSP1-2.6,2.2838649691358,2.28731184,-0.00344687086419615
70,Invertebrate,SSP5-8.5,2.28368288312757,2.28731184,-0.0036289568724297
70,Mid-trophic species,SSP1-2.6,2.71317772633745,2.71266276166667,0.000514964670781382
70,Mid-trophic species,SSP5-8.5,2.70941939156379,2.71266276166667,-0.00324337010287845
71,Prey,SSP1-2.6,2.33021444567901,2.34650184333333,-0.0162873976543199
71,Prey,SSP5-8.5,2.32608376419753,2.34650184333333,-0.0204180791358
71,Predator,SSP1-2.6,3.00069782098766,3.01233237833333,-0.0116345573456798
71,Predator,SSP5-8.5,2.99336923703704,3.01233237833333,-0.0189631412962972
71,Invertebrate,SSP1-2.6,2.28788644855967,2.28747613555556,0.00041031300411376
71,Invertebrate,SSP5-8.5,2.28486799423868,2.28747613555556,-0.00260814131687326
71,Mid-trophic species,SSP1-2.6,2.7113060026749,2.709321585,0.00198441767489665
71,Mid-trophic species,SSP5-8.5,2.70969848395062,2.709321585,0.000376898950618099
72,Prey,SSP1-2.6,2.32914057530864,2.33092407666667,-0.00178350135802985
72,Prey,SSP5-8.5,2.32668483827161,2.33092407666667,-0.0042392383950598
72,Predator,SSP1-2.6,2.99808661851852,3.00174870916667,-0.00366209064814838
72,Predator,SSP5-8.5,2.99640044135803,3.00174870916667,-0.00534826780864028
72,Invertebrate,SSP1-2.6,2.28202642263375,2.27532233333333,0.00670408930041377
72,Invertebrate,SSP5-8.5,2.28172968312757,2.27532233333333,0.00640734979424007
72,Mid-trophic species,SSP1-2.6,2.70716143436214,2.707352025,-0.000190590637863863
72,Mid-trophic species,SSP5-8.5,2.71138287736626,2.707352025,0.00403085236625333
73,Prey,SSP1-2.6,2.32451436049383,2.32470350666667,-0.000189146172839827
73,Prey,SSP5-8.5,2.32866640123457,2.32470350666667,0.00396289456790022
73,Predator,SSP1-2.6,2.99644141203704,3.00265897666666,-0.00621756462962964
73,Predator,SSP5-8.5,2.99366320123457,3.00265897666666,-0.00899577543209462
73,Invertebrate,SSP1-2.6,2.28268894032922,2.27717046222222,0.00551847810699968
73,Invertebrate,SSP5-8.5,2.28874418065844,2.27717046222222,0.0115737184362166
73,Mid-trophic species,SSP1-2.6,2.70569055493827,2.70343657666667,0.00225397827160512
73,Mid-trophic species,SSP5-8.5,2.71022066769547,2.70343657666667,0.00678409102880639
74,Prey,SSP1-2.6,2.32392503580247,2.33169792666667,-0.0077728908642003
74,Prey,SSP5-8.5,2.32406312098765,2.33169792666667,-0.00763480567902031
74,Predator,SSP1-2.6,2.99674136851852,3.00682955833334,-0.0100881898148146
74,Predator,SSP5-8.5,2.99655487314815,3.00682955833334,-0.0102746851851876
74,Invertebrate,SSP1-2.6,2.28595701440329,2.28258383111111,0.00337318329217684
74,Invertebrate,SSP5-8.5,2.28207274444444,2.28258383111111,-0.000511086666669769
74,Mid-trophic species,SSP1-2.6,2.70640521810699,2.71266887111111,-0.00626365300411536
74,Mid-trophic species,SSP5-8.5,2.70926216049383,2.71266887111111,-0.00340671061728282
75,Prey,SSP1-2.6,2.32494277777778,2.33033204,-0.00538926222222003
75,Prey,SSP5-8.5,2.322783,2.33033204,-0.00754904000000023
75,Predator,SSP1-2.6,2.99591737345679,3.00991377166667,-0.0139963982098728
75,Predator,SSP5-8.5,2.99423108487655,3.00991377166667,-0.0156826867901199
75,Invertebrate,SSP1-2.6,2.28388450658436,2.28429212222222,-0.000407615637863401
75,Invertebrate,SSP5-8.5,2.28266619917695,2.28429212222222,-0.00162592304527021
75,Mid-trophic species,SSP1-2.6,2.70492600185185,2.70968892555555,-0.00476292370370146
75,Mid-trophic species,SSP5-8.5,2.70850163847737,2.70968892555555,-0.00118728707818816
76,Prey,SSP1-2.6,2.32470411111111,2.33307616666667,-0.00837205555555975
76,Prey,SSP5-8.5,2.32452747654321,2.33307616666667,-0.00854869012345993
76,Predator,SSP1-2.6,2.99502897469136,2.99772012833334,-0.00269115364197781
76,Predator,SSP5-8.5,2.99185108364197,2.99772012833334,-0.00586904469136051
76,Invertebrate,SSP1-2.6,2.2817010563786,2.28130480555556,0.000396250823046618
76,Invertebrate,SSP5-8.5,2.28538804485596,2.28130480555556,0.00408323930040622
76,Mid-trophic species,SSP1-2.6,2.70918784814815,2.70954262055556,-0.000354772407405335
76,Mid-trophic species,SSP5-8.5,2.70928836152263,2.70954262055556,-0.000254259032921311
77,Prey,SSP1-2.6,2.3304190691358,2.34274558333333,-0.0123265141975297
77,Prey,SSP5-8.5,2.32525560493827,2.34274558333333,-0.0174899783950599
77,Predator,SSP1-2.6,2.99840290740741,3.00331866916667,-0.00491576175926056
77,Predator,SSP5-8.5,2.99630338549383,3.00331866916667,-0.0070152836728381
77,Invertebrate,SSP1-2.6,2.27997449588477,2.28023600777778,-0.000261511893003608
77,Invertebrate,SSP5-8.5,2.28579097407408,2.28023600777778,0.00555496629630037
77,Mid-trophic species,SSP1-2.6,2.70742518374486,2.70824743166667,-0.000822247921812291
77,Mid-trophic species,SSP5-8.5,2.71383545740741,2.70824743166667,0.00558802574073836
78,Prey,SSP1-2.6,2.32720683209877,2.33430386666667,-0.00709703456789956
78,Prey,SSP5-8.5,2.32756880864198,2.33430386666667,-0.00673505802468988
78,Predator,SSP1-2.6,2.99746282777778,3.007841235,-0.0103784072222171
78,Predator,SSP5-8.5,2.9952395117284,3.007841235,-0.0126017232716023
78,Invertebrate,SSP1-2.6,2.28167964650206,2.28154677444444,0.000132872057613476
78,Invertebrate,SSP5-8.5,2.28253613539095,2.28154677444444,0.000989360946503481
78,Mid-trophic species,SSP1-2.6,2.70768660658436,2.71444382055556,-0.00675721397119311
78,Mid-trophic species,SSP5-8.5,2.71245986152263,2.71444382055556,-0.00198395903292159
79,Prey,SSP1-2.6,2.32823740123457,2.33593742666667,-0.0077000254320998
79,Prey,SSP5-8.5,2.32781856790123,2.33593742666667,-0.00811885876543972
79,Predator,SSP1-2.6,2.99723152407408,3.00563416083333,-0.00840263675925668
79,Predator,SSP5-8.5,2.99489683858025,3.00563416083333,-0.0107373222530844
79,Invertebrate,SSP1-2.6,2.28525014074074,2.28761341222222,-0.00236327148148341
79,Invertebrate,SSP5-8.5,2.28971344691358,2.28761341222222,0.00210003469135689
79,Mid-trophic species,SSP1-2.6,2.70910598518519,2.70962667666667,-0.000520691481480817
79,Mid-trophic species,SSP5-8.5,2.71802142489712,2.70962667666667,0.00839474823045139
80,Prey,SSP1-2.6,2.3265377308642,2.33642874666667,-0.00989101580247009
80,Prey,SSP5-8.5,2.32283399876543,2.33642874666667,-0.0135947479012399
80,Predator,SSP1-2.6,2.99845016234568,3.0048173,-0.00636713765431995
80,Predator,SSP5-8.5,2.99379897469136,3.0048173,-0.01101832530864
80,Invertebrate,SSP1-2.6,2.27896888148148,2.27524804888889,0.00372083259258993
80,Invertebrate,SSP5-8.5,2.28295674238683,2.27524804888889,0.00770869349794312
80,Mid-trophic species,SSP1-2.6,2.70937684547325,2.70724029222222,0.00213655325102824
80,Mid-trophic species,SSP5-8.5,2.70709356831276,2.70724029222222,-0.00014672390946302
81,Prey,SSP1-2.6,2.3267309691358,2.33195711333333,-0.00522614419752987
81,Prey,SSP5-8.5,2.32640463209877,2.33195711333333,-0.00555248123455998
81,Predator,SSP1-2.6,2.99399149598766,3.00014685333333,-0.00615535734567985
81,Predator,SSP5-8.5,2.99612979506173,3.00014685333333,-0.00401705827160681
81,Invertebrate,SSP1-2.6,2.28274641316872,2.27697527555556,0.00577113761316683
81,Invertebrate,SSP5-8.5,2.28350422510288,2.27697527555556,0.0065289495473233
81,Mid-trophic species,SSP1-2.6,2.70628193683128,2.704864085,0.00141785183127841
81,Mid-trophic species,SSP5-8.5,2.70719325864197,2.704864085,0.00232917364197505
82,Prey,SSP1-2.6,2.32172262469136,2.33180191333333,-0.0100792886419701
82,Prey,SSP5-8.5,2.32643940617284,2.33180191333333,-0.00536250716048992
82,Predator,SSP1-2.6,2.99444630648148,3.00293903,-0.00849272351851793
82,Predator,SSP5-8.5,2.99507378919753,3.00293903,-0.00786524080246753
82,Invertebrate,SSP1-2.6,2.28187822674897,2.28443359444444,-0.00255536769547016
82,Invertebrate,SSP5-8.5,2.28600657201646,2.28443359444444,0.00157297757201658
82,Mid-trophic species,SSP1-2.6,2.70552144917696,2.71254087611111,-0.0070194269341548
82,Mid-trophic species,SSP5-8.5,2.71154573106996,2.71254087611111,-0.000995145041153389
83,Prey,SSP1-2.6,2.32581264691358,2.34060004333333,-0.01478739641975
83,Prey,SSP5-8.5,2.32471854691358,2.34060004333333,-0.01588149641975
83,Predator,SSP1-2.6,2.99496303333333,3.00107883333334,-0.00611580000000256
83,Predator,SSP5-8.5,2.99599907191358,3.00107883333334,-0.00507976141975464
83,Invertebrate,SSP1-2.6,2.28360895226338,2.27265078333333,0.0109581689300433
83,Invertebrate,SSP5-8.5,2.28623293662552,2.27265078333333,0.0135821532921829
83,Mid-trophic species,SSP1-2.6,2.70889773271605,2.71464366833333,-0.00574593561728198
83,Mid-trophic species,SSP5-8.5,2.71048333312757,2.71464366833333,-0.00416033520576065
84,Prey,SSP1-2.6,2.33010422716049,2.33896533,-0.00886110283951025
84,Prey,SSP5-8.5,2.32177727407407,2.33896533,-0.0171880559259301
84,Predator,SSP1-2.6,2.99713803765432,3.0004625275,-0.00332448984567968
84,Predator,SSP5-8.5,2.99300777376543,3.0004625275,-0.00745475373456772
84,Invertebrate,SSP1-2.6,2.28506969218107,2.28396049777778,0.00110919440328994
84,Invertebrate,SSP5-8.5,2.28337581934157,2.28396049777778,-0.000584678436213348
84,Mid-trophic species,SSP1-2.6,2.71145318621399,2.70704720166667,0.00440598454732344
84,Mid-trophic species,SSP5-8.5,2.71174379320988,2.70704720166667,0.00469659154321001
85,Prey,SSP1-2.6,2.32463772839506,2.33139126666667,-0.00675353827161018
85,Prey,SSP5-8.5,2.32500652716049,2.33139126666667,-0.00638473950618002
85,Predator,SSP1-2.6,2.99938839382716,3.00463903833333,-0.00525064450617263
85,Predator,SSP5-8.5,2.99451711820988,3.00463903833333,-0.0101219201234573
85,Invertebrate,SSP1-2.6,2.28749837407408,2.28129841444444,0.00619995962963316
85,Invertebrate,SSP5-8.5,2.28415690781893,2.28129841444444,0.0028584933744904
85,Mid-trophic species,SSP1-2.6,2.71153456234568,2.71276097944445,-0.00122641709876481
85,Mid-trophic species,SSP5-8.5,2.71021513004115,2.71276097944445,-0.0025458494032935
86,Prey,SSP1-2.6,2.32331730493827,2.34034957333333,-0.0170322683950599
86,Prey,SSP5-8.5,2.32371682098765,2.34034957333333,-0.01663275234568
86,Predator,SSP1-2.6,2.99630121049383,3.0133423575,-0.017041147006172
86,Predator,SSP5-8.5,2.99357745,3.0133423575,-0.0197649074999995
86,Invertebrate,SSP1-2.6,2.28308605679012,2.28401624111111,-0.000930184320986349
86,Invertebrate,SSP5-8.5,2.28477664567901,2.28401624111111,0.000760404567903716
86,Mid-trophic species,SSP1-2.6,2.7118675117284,2.71271959555556,-0.000852083827158623
86,Mid-trophic species,SSP5-8.5,2.71196102736626,2.71271959555556,-0.00075856818929898
87,Prey,SSP1-2.6,2.32244851111111,2.32953980666667,-0.00709129555555998
87,Prey,SSP5-8.5,2.32489403950617,2.32953980666667,-0.00464576716050003
87,Predator,SSP1-2.6,2.99821798703704,3.00320361083333,-0.00498562379629775
87,Predator,SSP5-8.5,2.99541703148148,3.00320361083333,-0.00778657935185301
87,Invertebrate,SSP1-2.6,2.28157510617284,2.28339149777778,-0.00181639160493674
87,Invertebrate,SSP5-8.5,2.28700464814815,2.28339149777778,0.00361315037037357
87,Mid-trophic species,SSP1-2.6,2.70893823744856,2.70853580833333,0.000402429115226699
87,Mid-trophic species,SSP5-8.5,2.70809707057613,2.70853580833333,-0.000438737757199714
88,Prey,SSP1-2.6,2.3304163654321,2.33726234,-0.00684597456789993
88,Prey,SSP5-8.5,2.32717622592593,2.33726234,-0.01008611407407
88,Predator,SSP1-2.6,2.99757185185185,3.00352422083333,-0.00595236898147977
88,Predator,SSP5-8.5,2.99649196358025,3.00352422083333,-0.00703225725308476
88,Invertebrate,SSP1-2.6,2.28717924197531,2.28240481888889,0.0047744230864204
88,Invertebrate,SSP5-8.5,2.28496949753087,2.28240481888889,0.00256467864197996
88,Mid-trophic species,SSP1-2.6,2.70895866502058,2.70822411611111,0.000734548909465005
88,Mid-trophic species,SSP5-8.5,2.70920880761317,2.70822411611111,0.000984691502058155
89,Prey,SSP1-2.6,2.32836459012346,2.34067931666667,-0.01231472654321
89,Prey,SSP5-8.5,2.3265940962963,2.34067931666667,-0.0140852203703701
89,Predator,SSP1-2.6,2.99840633271605,3.0065069025,-0.00810056978395002
89,Predator,SSP5-8.5,2.99118499135802,3.0065069025,-0.0153219111419753
89,Invertebrate,SSP1-2.6,2.28501291152263,2.28568088666667,-0.000667975144033495
89,Invertebrate,SSP5-8.5,2.28354452016461,2.28568088666667,-0.00213636650205684
89,Mid-trophic species,SSP1-2.6,2.70749826522634,2.71108067833333,-0.00358241310699547
89,Mid-trophic species,SSP5-8.5,2.71038204814815,2.71108067833333,-0.000698630185185234
90,Prey,SSP1-2.6,2.3324162691358,2.34094758666667,-0.00853131753086966
90,Prey,SSP5-8.5,2.32328418888889,2.34094758666667,-0.0176633977777798
90,Predator,SSP1-2.6,2.99173606111111,3.00292512083333,-0.0111890597222226
90,Predator,SSP5-8.5,2.99186315432099,3.00292512083333,-0.0110619665123428
90,Invertebrate,SSP1-2.6,2.27996019382716,2.28105085111111,-0.00109065728394686
90,Invertebrate,SSP5-8.5,2.28193765925926,2.28105085111111,0.00088680814815012
90,Mid-trophic species,SSP1-2.6,2.70369839897119,2.71577277111111,-0.0120743721399181
90,Mid-trophic species,SSP5-8.5,2.71276501440329,2.71577277111111,-0.00300775670781972
91,Prey,SSP1-2.6,2.32139399382716,2.33431463,-0.01292063617284
91,Prey,SSP5-8.5,2.32443732469136,2.33431463,-0.00987730530864006
91,Predator,SSP1-2.6,2.99474899907408,3.0039352825,-0.0091862834259242
91,Predator,SSP5-8.5,2.99520421697531,3.0039352825,-0.00873106552469238
91,Invertebrate,SSP1-2.6,2.2804181909465,2.28174017777778,-0.00132198683127394
91,Invertebrate,SSP5-8.5,2.28483471728395,2.28174017777778,0.003094539506173
91,Mid-trophic species,SSP1-2.6,2.7035660654321,2.70945930277778,-0.00589323734568037
91,Mid-trophic species,SSP5-8.5,2.71049960370371,2.70945930277778,0.00104030092592655
92,Prey,SSP1-2.6,2.33081670493827,2.3376895,-0.00687279506173022
92,Prey,SSP5-8.5,2.3240293617284,2.3376895,-0.0136601382716002
92,Predator,SSP1-2.6,2.99867530123457,3.00599015333334,-0.00731485209876759
92,Predator,SSP5-8.5,2.99291564845679,3.00599015333334,-0.013074504876545
92,Invertebrate,SSP1-2.6,2.28435450699589,2.28312403111111,0.00123047588477343
92,Invertebrate,SSP5-8.5,2.28514789135803,2.28312403111111,0.00202386024691315
92,Mid-trophic species,SSP1-2.6,2.71434296975309,2.70455679722222,0.00978617253086389
92,Mid-trophic species,SSP5-8.5,2.71447370123457,2.70455679722222,0.00991690401234546
93,Prey,SSP1-2.6,2.32304061111111,2.33084508333333,-0.00780447222222014
93,Prey,SSP5-8.5,2.32473714444444,2.33084508333333,-0.00610793888889027
93,Predator,SSP1-2.6,2.99576526604938,3.00404218583334,-0.00827691978395206
93,Predator,SSP5-8.5,2.99456385802469,3.00404218583334,-0.00947832780864255
93,Invertebrate,SSP1-2.6,2.28642342139918,2.27867895222222,0.00774446917695304
93,Invertebrate,SSP5-8.5,2.28390488148148,2.27867895222222,0.00522592925926002
93,Mid-trophic species,SSP1-2.6,2.70886113683128,2.71290049833334,-0.00403936150205952
93,Mid-trophic species,SSP5-8.5,2.70781356748971,2.71290049833334,-0.00508693084362299
94,Prey,SSP1-2.6,2.32526117654321,2.32979809666667,-0.00453692012345996
94,Prey,SSP5-8.5,2.32314411358025,2.32979809666667,-0.00665398308641985
94,Predator,SSP1-2.6,2.99354504444444,2.99656434833333,-0.00301930388889016
94,Predator,SSP5-8.5,2.99991536790124,2.99656434833333,0.00335101956790229
94,Invertebrate,SSP1-2.6,2.28164606872428,2.28436282444445,-0.00271675572016683
94,Invertebrate,SSP5-8.5,2.28696575802469,2.28436282444445,0.00260293358024688
94,Mid-trophic species,SSP1-2.6,2.7065026781893,2.70876034222223,-0.00225766403292305
94,Mid-trophic species,SSP5-8.5,2.71023071872428,2.70876034222223,0.00147037650205473
95,Prey,SSP1-2.6,2.32717881111111,2.33384445666667,-0.00666564555556004
95,Prey,SSP5-8.5,2.32828288024691,2.33384445666667,-0.00556157641975963
95,Predator,SSP1-2.6,2.99962910277778,3.00031702333333,-0.000687920555551891
95,Predator,SSP5-8.5,2.99683490185185,3.00031702333333,-0.00348212148147997
95,Invertebrate,SSP1-2.6,2.28262849711934,2.28958665888889,-0.00695816176954622
95,Invertebrate,SSP5-8.5,2.28240528559671,2.28958665888889,-0.00718137329217994
95,Mid-trophic species,SSP1-2.6,2.70929247160494,2.714558755,-0.00526628339506008
95,Mid-trophic species,SSP5-8.5,2.71401598106996,2.714558755,-0.000542773930040319
96,Prey,SSP1-2.6,2.32553843333333,2.32849593666667,-0.00295750333334022
96,Prey,SSP5-8.5,2.31976362716049,2.32849593666667,-0.00873230950618043
96,Predator,SSP1-2.6,2.99758143209877,3.00444372333333,-0.00686229123456705
96,Predator,SSP5-8.5,2.99429195524691,3.00444372333333,-0.0101517680864198
96,Invertebrate,SSP1-2.6,2.28632594074074,2.27979379111111,0.00653214962963
96,Invertebrate,SSP5-8.5,2.28540047736626,2.27979379111111,0.00560668625514627
96,Mid-trophic species,SSP1-2.6,2.70890880493827,2.70169187055556,0.00721693438271842
96,Mid-trophic species,SSP5-8.5,2.70791635658436,2.70169187055556,0.00622448602880832
97,Prey,SSP1-2.6,2.3232806962963,2.33022979,-0.0069490937037
97,Prey,SSP5-8.5,2.32382054444444,2.33022979,-0.00640924555556
97,Predator,SSP1-2.6,2.99356726080247,3.00779508833333,-0.0142278275308674
97,Predator,SSP5-8.5,2.99308609660494,3.00779508833333,-0.0147089917283969
97,Invertebrate,SSP1-2.6,2.28244578600823,2.28339407111111,-0.000948285102879698
97,Invertebrate,SSP5-8.5,2.28709949053498,2.28339407111111,0.00370541942386637
97,Mid-trophic species,SSP1-2.6,2.71111778148148,2.70834663944444,0.00277114203703688
97,Mid-trophic species,SSP5-8.5,2.71165913600823,2.70834663944444,0.00331249656378541
98,Prey,SSP1-2.6,2.32720477037037,2.33059886,-0.00339408962962962
98,Prey,SSP5-8.5,2.32543224444444,2.33059886,-0.00516661555555986
98,Predator,SSP1-2.6,2.99195246049383,3.00234524333333,-0.0103927828395047
98,Predator,SSP5-8.5,2.99456840339506,3.00234524333333,-0.00777683993827205
98,Invertebrate,SSP1-2.6,2.28242247160494,2.28778629777778,-0.00536382617284348
98,Invertebrate,SSP5-8.5,2.28262560493827,2.28778629777778,-0.00516069283951026
98,Mid-trophic species,SSP1-2.6,2.70671145061729,2.70531397555556,0.00139747506173071
98,Mid-trophic species,SSP5-8.5,2.71212004074074,2.70531397555556,0.00680606518518756
99,Prey,SSP1-2.6,2.32570682716049,2.33482506,-0.00911823283950985
99,Prey,SSP5-8.5,2.33102181604938,2.33482506,-0.00380324395062015
99,Predator,SSP1-2.6,2.99790774382716,3.0062362025,-0.00832845867284249
99,Predator,SSP5-8.5,2.99711805864198,3.0062362025,-0.00911814385802723
99,Invertebrate,SSP1-2.6,2.28314871728395,2.27814716777778,0.00500154950616993
99,Invertebrate,SSP5-8.5,2.28425666502058,2.27814716777778,0.00610949724279708
99,Mid-trophic species,SSP1-2.6,2.70913169506173,2.71181074888889,-0.00267905382716149
99,Mid-trophic species,SSP5-8.5,2.71158766748971,2.71181074888889,-0.000223081399176817
100,Prey,SSP1-2.6,2.32919724814815,2.33526103333333,-0.00606378518517969
100,Prey,SSP5-8.5,2.32892576790123,2.33526103333333,-0.00633526543209984
100,Predator,SSP1-2.6,2.9976053,2.99581840333334,0.00178689666666498
100,Predator,SSP5-8.5,2.99398229074074,2.99581840333334,-0.00183611259259742
100,Invertebrate,SSP1-2.6,2.28214468436214,2.27831965666667,0.00382502769547299
100,Invertebrate,SSP5-8.5,2.28495257942387,2.27831965666667,0.00663292275719973
100,Mid-trophic species,SSP1-2.6,2.7081561563786,2.71566069666667,-0.00750454028806846
100,Mid-trophic species,SSP5-8.5,2.70619350658436,2.71566069666667,-0.00946719008230357
